INSERT INTO `pays` (`code`, `nom`) VALUES
('ENG', 'Angleterre'),
('FRA', 'France'),
('ABW', 'Aruba'),
('AFG', 'Afghanistan'),
('AGO', 'Angola'),
('AIA', 'Anguilla'),
('ALA', 'Îles Åland'),
('ALB', 'Albanie'),
('AND', 'Andorre'),
('ANT', 'Antilles Néerlandaises'),
('ARE', 'Émirats Arabes Unis'),
('ARG', 'Argentine'),
('ARM', 'Arménie'),
('ASM', 'Samoa Américaines'),
('ATA', 'Antarctique'),
('ATF', 'Terres Australes Françaises'),
('ATG', 'Antigua-et-Barbuda'),
('AUS', 'Australie'),
('AUT', 'Autriche'),
('AZE', 'Azerbaïdjan'),
('BDI', 'Burundi'),
('BEL', 'Belgique'),
('BEN', 'Bénin'),
('BFA', 'Burkina Faso'),
('BGD', 'Bangladesh'),
('BGR', 'Bulgarie'),
('BHR', 'Bahreïn'),
('BHS', 'Bahamas'),
('BIH', 'Bosnie-Herzégovine'),
('BLR', 'Bélarus'),
('BLZ', 'Belize'),
('BMU', 'Bermudes'),
('BOL', 'Bolivie'),
('BRA', 'Brésil'),
('BRB', 'Barbade'),
('BRN', 'Brunéi Darussalam'),
('BTN', 'Bhoutan'),
('BVT', 'Île Bouvet'),
('BWA', 'Botswana'),
('CAF', 'République Centrafricaine'),
('CAN', 'Canada'),
('CCK', 'Îles Cocos (Keeling)'),
('CHE', 'Suisse'),
('CHL', 'Chili'),
('CHN', 'Chine'),
('CIV', 'Côte d\'Ivoire'),
('CMR', 'Cameroun'),
('COD', 'République Démocratique du Congo'),
('COG', 'République du Congo'),
('COK', 'Îles Cook'),
('COL', 'Colombie'),
('COM', 'Comores'),
('CPV', 'Cap-vert'),
('CRI', 'Costa Rica'),
('CUB', 'Cuba'),
('CXR', 'Île Christmas'),
('CYM', 'Îles Caïmanes'),
('CYP', 'Chypre'),
('CZE', 'République Tchèque'),
('DEU', 'Allemagne'),
('DJI', 'Djibouti'),
('DMA', 'Dominique'),
('DNK', 'Danemark'),
('DOM', 'République Dominicaine'),
('DZA', 'Algérie'),
('ECU', 'Équateur'),
('EGY', 'Égypte'),
('ERI', 'Érythrée'),
('ESH', 'Sahara Occidental'),
('ESP', 'Espagne'),
('EST', 'Estonie'),
('ETH', 'Éthiopie'),
('FIN', 'Finlande'),
('FJI', 'Fidji'),
('FLK', 'Îles (malvinas) Falkland'),
('FRO', 'Îles Féroé'),
('FSM', 'États Fédérés de Micronésie'),
('GAB', 'Gabon'),
('GEO', 'Géorgie'),
('GHA', 'Ghana'),
('GIB', 'Gibraltar'),
('GIN', 'Guinée'),
('GLP', 'Guadeloupe'),
('GMB', 'Gambie'),
('GNB', 'Guinée-Bissau'),
('GNQ', 'Guinée Équatoriale'),
('GRC', 'Grèce'),
('GRD', 'Grenade'),
('GRL', 'Groenland'),
('GTM', 'Guatemala'),
('GUF', 'Guyane Française'),
('GUM', 'Guam'),
('GUY', 'Guyana'),
('HKG', 'Hong-Kong'),
('HMD', 'Îles Heard et Mcdonald'),
('HND', 'Honduras'),
('HRV', 'Croatie'),
('HTI', 'Haïti'),
('HUN', 'Hongrie'),
('IDN', 'Indonésie'),
('IMN', 'Île de Man'),
('IND', 'Inde'),
('IOT', 'Territoire Britannique de l\'Océan Indien'),
('IRL', 'Irlande'),
('IRN', 'République Islamique d\'Iran'),
('IRQ', 'Iraq'),
('ISL', 'Islande'),
('ISR', 'Israël'),
('ITA', 'Italie'),
('JAM', 'Jamaïque'),
('JOR', 'Jordanie'),
('JPN', 'Japon'),
('KAZ', 'Kazakhstan'),
('KEN', 'Kenya'),
('KGZ', 'Kirghizistan'),
('KHM', 'Cambodge'),
('KIR', 'Kiribati'),
('KNA', 'Saint-Kitts-et-Nevis'),
('KOR', 'République de Corée'),
('KWT', 'Koweït'),
('LAO', 'République Démocratique Populaire Lao'),
('LBN', 'Liban'),
('LBR', 'Libéria'),
('LBY', 'Jamahiriya Arabe Libyenne'),
('LCA', 'Sainte-Lucie'),
('LIE', 'Liechtenstein'),
('LKA', 'Sri Lanka'),
('LSO', 'Lesotho'),
('LTU', 'Lituanie'),
('LUX', 'Luxembourg'),
('LVA', 'Lettonie'),
('MAC', 'Macao'),
('MAR', 'Maroc'),
('MCO', 'Monaco'),
('MDA', 'République de Moldova'),
('MDG', 'Madagascar'),
('MDV', 'Maldives'),
('MEX', 'Mexique'),
('MHL', 'Îles Marshall'),
('MKD', 'L\'ex-République Yougoslave de Macédoine'),
('MLI', 'Mali'),
('MLT', 'Malte'),
('MMR', 'Myanmar'),
('MNG', 'Mongolie'),
('MNP', 'Îles Mariannes du Nord'),
('MOZ', 'Mozambique'),
('MRT', 'Mauritanie'),
('MSR', 'Montserrat'),
('MTQ', 'Martinique'),
('MUS', 'Maurice'),
('MWI', 'Malawi'),
('MYS', 'Malaisie'),
('MYT', 'Mayotte'),
('NAM', 'Namibie'),
('NCL', 'Nouvelle-Calédonie'),
('NER', 'Niger'),
('NFK', 'Île Norfolk'),
('NGA', 'Nigéria'),
('NIC', 'Nicaragua'),
('NIU', 'Niué'),
('NLD', 'Pays-Bas'),
('NOR', 'Norvège'),
('NPL', 'Népal'),
('NRU', 'Nauru'),
('NZL', 'Nouvelle-Zélande'),
('OMN', 'Oman'),
('PAK', 'Pakistan'),
('PAN', 'Panama'),
('PCN', 'Pitcairn'),
('PER', 'Pérou'),
('PHL', 'Philippines'),
('PLW', 'Palaos'),
('PNG', 'Papouasie-Nouvelle-Guinée'),
('POL', 'Pologne'),
('PRI', 'Porto Rico'),
('PRK', 'République Populaire Démocratique de Corée'),
('PRT', 'Portugal'),
('PRY', 'Paraguay'),
('PSE', 'Territoire Palestinien Occupé'),
('PYF', 'Polynésie Française'),
('QAT', 'Qatar'),
('REU', 'Réunion'),
('ROU', 'Roumanie'),
('RUS', 'Fédération de Russie'),
('RWA', 'Rwanda'),
('SAU', 'Arabie Saoudite'),
('SCG', 'Serbie-et-Monténégro'),
('SDN', 'Soudan'),
('SEN', 'Sénégal'),
('SGP', 'Singapour'),
('SGS', 'Géorgie du Sud et les Îles Sandwich du Sud'),
('SHN', 'Sainte-Hélène'),
('SJM', 'Svalbard etÎle Jan Mayen'),
('SLB', 'Îles Salomon'),
('SLE', 'Sierra Leone'),
('SLV', 'El Salvador'),
('SMR', 'Saint-Marin'),
('SOM', 'Somalie'),
('SPM', 'Saint-Pierre-et-Miquelon'),
('STP', 'Sao Tomé-et-Principe'),
('SUR', 'Suriname'),
('SVK', 'Slovaquie'),
('SVN', 'Slovénie'),
('SWE', 'Suède'),
('SWZ', 'Swaziland'),
('SYC', 'Seychelles'),
('SYR', 'République Arabe Syrienne'),
('TCA', 'Îles Turks et Caïques'),
('TCD', 'Tchad'),
('TGO', 'Togo'),
('THA', 'Thaïlande'),
('TJK', 'Tadjikistan'),
('TKL', 'Tokelau'),
('TKM', 'Turkménistan'),
('TLS', 'Timor-Leste'),
('TON', 'Tonga'),
('TTO', 'Trinité-et-Tobago'),
('TUN', 'Tunisie'),
('TUR', 'Turquie'),
('TUV', 'Tuvalu'),
('TWN', 'Taïwan'),
('TZA', 'République-Unie de Tanzanie'),
('UGA', 'Ouganda'),
('UKR', 'Ukraine'),
('UMI', 'Îles Mineures Éloignées des États-Unis'),
('URY', 'Uruguay'),
('USA', 'États-Unis'),
('UZB', 'Ouzbékistan'),
('VAT', 'Saint-Siège (état de la Cité du Vatican)'),
('VCT', 'Saint-Vincent-et-les Grenadines'),
('VEN', 'Venezuela'),
('VGB', 'Îles Vierges Britanniques'),
('VIR', 'Îles Vierges des États-Unis'),
('VNM', 'Viet Nam'),
('VUT', 'Vanuatu'),
('WLF', 'Wallis et Futuna'),
('WSM', 'Samoa'),
('YEM', 'Yémen'),
('ZAF', 'Afrique du Sud'),
('ZMB', 'Zambie'),
('ZWE', 'Zimbabwe');

INSERT INTO `client` (`id`, `nom`, `prenom`, `rue`, `copos`, `ville`, `mail`, `codePays`) VALUES
(1, 'Deltour', 'Charles', '4 rue du Pont', '14680', 'Bretteville Sur Laize', 'cdeltour@hotmail.com', 'FRA'),
(2, 'Fime', 'Nadia', '5 rue du Montparnasse', '14220', 'Boulon', '', 'ENG'),
(3, 'Ertau', 'Frank', '4 Avenue du président Wilson', '14190', 'Urville', 'frank.ertau@laposte.net', 'FRA'),
(4, 'Maneur', 'David', '6 rue Charles Péguy', '14220', 'Mutrécy', '', 'FRA'),
(5, 'Berezovski', 'Sylvie', '18 rue du Château', '14680', 'Barbery', '', 'FRA'),
(6, 'Finley', 'Pascale', '25 rue de Tolbiac', '14680', 'Caillouet', 'pascfinley@yahoo.fr', 'FRA'),
(7, 'Vofur', 'Hector', '18 rue Deparcieux', '14190', 'Cauvicourt', 'hvofur@free.fr', 'ENG'),
(8, 'Derzou', 'Fred', '230 avenue de la libert', '14220', 'Espins', 'ouzala@aol.com', 'FRA'),
(9, 'Serty', 'Julie', '23 rue du Calvaire', '14220', 'Fresney le Vieux', '', 'FRA'),
(10, 'Vofur', 'Victor', '18 rue Deparcieux', '14680', 'Bretteville Sur Laize', 'victor.vofur@laposte.net', 'FRA'),
(11, 'Calende', 'Hugo', '22 rue des jardins', '14680', 'Bretteville Sur Laize', '', 'FRA'),
(12, 'Jemba', 'Hubert', '10 rue du 8 mai 1945', '14680', 'Bretteville Sur Laize', 'jaimeba@yahoo.fr', 'FRA'),
(13, 'Morin', 'S?verine', '4 rue du bac', '93000', 'Paris', 'morinsev@hotmail.com', 'FRA'),
(14, 'Benrech', 'Tarek', '79 rue de Caen', '14320', 'May Sur Orne', '', 'FRA'),
(15, 'Nguyen', 'Marc', '53 impasse Tourneur', '14320', 'Fontenay Le Marmion', 'nguyen774@wanadoo.fr', 'FRA'),
(16, 'Louali', 'Karima', '89 avenue Poincar', '14320', 'Saint Martin de Fontenay', 'kloua@caramail.fr', 'FRA'),
(17, 'Paolo', 'Marco', '14 rue du Caire', '14320', 'Fontenay Le Marmion', '', 'FRA'),
(18, 'Map', 'Joanna', '120 boulevard Voltaire', '75012', 'Paris', '', 'FRA'),
(19, 'Kound', 'Fatoumata', '4 Place Carr', '14190', 'Urville', '', 'FRA'),
(20, 'Derissam', 'Bachir', '1 rue des Indes', '14190', 'Urville', '', 'FRA'),
(21, 'Villechalane', 'Louis', '8 rue des Charmes', '14680', 'Bretteville Sur Laize', '', 'FRA'),
(22, 'Andre', 'David', '1 rue Petit', '14220', 'Boulon', '', 'FRA'),
(23, 'Bedos', 'Christian', '1 rue Peranud', '14320', 'Fontenay Le Marmion', '', 'FRA'),
(24, 'Tusseau', 'Louis', '22 rue des Ternes', '14680', 'Bretteville Sur Laize', '', 'FRA'),
(25, 'Bentot', 'Pascal', '11 allée des Cerises', '14220', 'Boulon', '', 'FRA'),
(26, 'Bioret', 'Luc', '1 Avenue gambetta', '14320', 'Fontenay Le Marmion', '', 'FRA'),
(27, 'Bunisset', 'Francis', '10 rue des Perles', '14220', 'Espins', '', 'FRA'),
(28, 'Bunisset', 'Denise', '23 rue Manin', '14320', 'Saint Martin de Fontenay', '', 'FRA'),
(29, 'Cacheux', 'Bernard', '114 rue Blanche', '14320', 'Fontenay Le Marmion', '', 'FRA'),
(30, 'Cadic', 'Eric', '123 avenue de la République', '14680', 'Bretteville Sur Laize', '', 'FRA'),
(31, 'Charoze', 'Catherine', '100 rue Petit', '14220', 'Boulon', '', 'FRA'),
(32, 'Clepkens', 'Christophe', '12 allée des Anges', '14680', 'Bretteville Sur Laize', '', 'FRA'),
(33, 'Cottin', 'Vincenne', '36 rue Des Roches', '14220', 'Boulon', '', 'FRA'),
(34, 'Daburon', 'François', '13 rue de Chanzy', '14220', 'Mutrécy', '', 'FRA'),
(35, 'De', 'Philippe', '13 rue Barthes', '14320', 'Fontenay Le Marmion', '', 'FRA'),
(36, 'Debelle', 'Michel', '181 avenue Barbusse', '14220', 'Espins', '', 'FRA'),
(37, 'Debelle', 'Jeanne', '134 allée des Joncs', '14320', 'Saint Martin de Fontenay', '', 'FRA'),
(38, 'Debroise', 'Michel', '2 Bld Jourdain', '14680', 'Bretteville Sur Laize', '', 'FRA'),
(39, 'Desmarquest', 'Nathalie', '14 Place d Arc', '14220', 'Boulon', '', 'FRA'),
(40, 'Desnost', 'Pierre', '16 avenue des Cèdres', '14220', 'Mutrécy', '', 'FRA'),
(41, 'Dudouit', 'Frédéric', '18 rue de l église', '14320', 'Fontenay Le Marmion', '', 'FRA'),
(42, 'Duncombe', 'Claude', '19 rue de la tour', '14680', 'Bretteville Sur Laize', '', 'FRA'),
(43, 'Enault-Pascreau', 'Céline', '25 place de la gare', '14680', 'Bretteville Sur Laize', '', 'FRA'),
(44, 'Eynde', 'Valérie', '3 Grand Place', '14220', 'Mutrécy', '', 'FRA'),
(45, 'Finck', 'Jacques', '10 avenue du Prado', '14320', 'Fontenay Le Marmion', '', 'FRA'),
(46, 'Frémont', 'Fernande', '4 route de la mer', '14220', 'Espins', '', 'FRA'),
(47, 'Gest', 'Alain', '30 avenue des terres', '14320', 'Saint Martin de Fontenay', '', 'FRA'),
(48, 'Testemale', 'tarek', 'du trek', '14000', 'Tarascon', '', 'FRA'),
(49, 'Trieste', 'Thierry', 'du tertre', '14000', 'Tologne', '', 'FRA'),
(50, 'Bertrand', 'Alexandre', '8 rue des Hortensias', '50000', 'Cherbourg', '', 'FRA');

INSERT INTO `categvente` (`code`, `libelle`) VALUES
('AUT', 'Vente d\'automne'),
('ELVG', 'Vente d\'élevage'),
('ETE', 'Vente d\'été'),
('XFEV', 'Vente mixte de février');


INSERT INTO `acheteur` (`ach_id`) VALUES
(1),
(5),
(10),
(12),
(7),
(8),
(9);

INSERT INTO `vendeur` (`ven_id`) VALUES
(5),
(6),
(7),
(15),
(16),
(17),
(18);


INSERT INTO `lieu` (`ville`, `nbBoxes`,commentaire) VALUES
('Caen',10, 'Vente d''automne'),
('Cherbourg',15, 'Vente d''élevage'),
('Bayeux',30, 'Vente d''été');

INSERT INTO `vente` (`id`, `nom`, `dateDebut`, `codeCategVente`, lie_id, dateFinVente, dateDebutInscrip) VALUES
(30917, 'Garibaldi Princess', '2017-03-09', 'ELVG', 2, '2017-05-09', '2017-01-09'),
(32587, 'Vente des bords de Seine', '2018-10-19', 'AUT', 1, '2018-10-27', '2018-10-19'),
(36124, 'Vente remus de la tour', '2018-10-20', 'AUT', 3, '2018-10-31', '2018-10-24'),
(90217, 'Mixing brain', '2017-09-02', 'XFEV', 1, '2017-09-02', '2017-05-02'),
(130519, 'Vente des bord de Garonne', '2019-05-13', 'ETE', 9, '2019-05-15', '2019-05-06'),
(200319, 'Vente des Voges édition 7', '2019-03-20', 'ELVG', 5, '2019-03-22', '2019-03-13'),
(210219, 'Vente de la Méditérranée', '2019-02-21', 'XFEV', 7, '2019-02-24', '2019-02-14'),
(210717, 'Rapsberry Sailing', '2017-07-17', 'ETE', 2, '2017-07-17', '2017-02-17'),
(210817, 'Jelly Bay', '2017-08-17', 'ETE', 3, '2017-12-17', '2017-01-17'),
(230119, 'Vente Rhône-Alpes édition 5', '2019-01-23', 'XFEV', 6, '2019-01-25', '2019-01-16'),
(250217, 'Djezair Star', '2017-02-25', 'XFEV', 2, '2017-04-25', '2017-01-25');

INSERT INTO `courriel` (`date`, `objet`,corps) VALUES
('2018-08-05','Objet1', 'corps 1'),
('2018-04-06','Objet2', 'corps 2'),
('2018-02-08','Objet3', 'corps 3');

INSERT INTO `piecejointe` (`chemin`, `description`) VALUES
('image/image.png','une image' ),
('document/text.txt','un text' ),
('document/fichier.pdf','un pdf');

INSERT INTO `joindre` (`pie_id`, `cou_id`) VALUES
(1,1),
(1,2),
(2,1),
(2,2);

/* 2 */

INSERT INTO `typecheval` (`id`, `libelle`, `description`) VALUES
(1, 'cheval à l\'entraînement', 'pur-sang arabe de plus de deux ans ayant déjà participé à des courses'),
(2, 'étalon', 'cheval dédié à la reproduction'),
(3, 'Inédit', 'pur-sang anglais de deux ans n’ayant pas encore participé à une course mais déjà travaillé sur le plan de la condition physique'),
(4, 'poulinière', 'jument dédiée à la reproduction'),
(5, 'pur-sang anglais', 'pur-sang anglais'),
(6, 'Yearling', 'pur-sang anglais âgé d’un an');

INSERT INTO `cheval` (`id`, `nom`, `sexe`, `sire`, `pere`, `mere`, `typ_id`) VALUES
(1, 'Houri', 'M', '0808.185.585Z', NULL, NULL, 5),
(2, 'Hussa', 'F', '0808.542.250Z', NULL, NULL, 5),
(3, 'Valdack', 'M', '0808.158.285Z', 1, 2, 5),
(4, 'Trais d\'or', 'M', '0808.000.554Z', 1, 2, 6),
(5, 'Herricka', 'F', '0808.201.855Z', 1, 2, 5),
(6, 'Nuage', 'M', '0808.980.128Z', 1, 2, 6),
(7, 'Desperado', 'M', '0808.180.529Z', 1, 2, 6);

INSERT INTO `lieu` (`id`, `ville`, `nbBoxes`, `commentaire`) VALUES
(4, 'Paris', 40, ''),
(5, 'Strasbourg', 20, ''),
(6, 'Lyon', 10, ''),
(7, 'Marseille', 14, ''),
(8, 'Dijon', 30, ''),
(9, 'Bordeaux', 16, '');

/* 3 */


--
-- Déchargement des données de la table `clientcategvente`
--

INSERT INTO `clientcategvente` (`codeClient`, `codeCategVente`) VALUES
(6, 'AUT'),
(29, 'AUT'),
(32, 'AUT'),
(49, 'AUT'),
(1, 'ELVG'),
(1, 'ETE'),
(3, 'ETE'),
(6, 'ETE'),
(7, 'ETE'),
(16, 'ETE'),
(49, 'ETE'),
(50, 'ETE'),
(6, 'XFEV');

--
-- Déchargement des données de la table `compte`
--

INSERT INTO `compte` (`id`, `login`, `mdp`, `cli_id`) VALUES
(1, 'cdeltour', 'ef826f96fe347d7dab72d2d0a0852128', 1),
(2, 'nfime', '8269a266c2742488d018fdf6aa2d0347', 2),
(3, 'fertau', 'e7c7dee2b1983495ea81249f002789f9', 3),
(7, 'hvofur', 'f768479f54b922126087970ca235e929', 7),
(30, 'ecadic', '159fe6d795cf16432b5f0100a1d34870', 30);

--
-- Déchargement des données de la table `lot`
--

INSERT INTO `lot` (`id`, `vent_id`, `che_id`, `vend_id`, `archiver`, `prixDepart`) VALUES
(1, 30917, 7, 5, NULL, 15000),
(1, 90217, 3, 18, NULL, 6000),
(1, 210717, 6, 5, NULL, 1000),
(2, 30917, 4, 15, NULL, 8000),
(2, 210717, 1, 5, NULL, 18000);

--
-- Déchargement des données de la table `enchere`
--

INSERT INTO `enchere` (`id`, `lot_id`, `lotvent_id`, `ach_id`, `montant`) VALUES
(1, 1, 30917, 10, 17000),
(1, 1, 210717, 10, 8500),
(1, 2, 30917, 5, 9000),
(1, 2, 210717, 9, 32000),
(2, 1, 30917, 9, 20000),
(2, 2, 210717, 7, 35000);


INSERT INTO `role` (`code`, `nom`) VALUES
('ADMIN', 'Administrateur'),
('CLI', 'Client'),
('DIR', 'Directeur Général'),
('SAL', 'Salarié');

INSERT INTO `permissions` (`code`, `nom`) VALUES
('AADMI', 'Ajouter donnee admin'),
('ACHE', 'Ajouter un cheval'),
('ACHEV', 'Ajouter un cheval a une vente'),
('ACLI', 'Ajouter un client'),
('AMAIL', 'Ajouter un mail'),
('AVENT', 'Ajouter une vente'),
('CACHE', 'Consulter les acheteur'),
('CADMI', 'Consulter donnee admin'),
('CCLI', 'Consulter les client'),
('CCOUR', 'Consulter les courriels'),
('CMCHE', 'Consulter mes chevaux'),
('CVEN', 'Consulter les vendeur'),
('EMAIL', 'Envoyer un mail'),
('MCHE', 'Modifier un cheval'),
('SADMI', 'Supprimer donnée admin'),
('SMCHE', 'Supprimer mes cheval'),
('SVENT', 'Suprimer une vente'),
('UCLI', 'Modifier un client'),
('UVENT', 'Modifier une vente');

INSERT INTO `avoir` (`com_id`, `rol_code`) VALUES
(1, 'ADMIN'),
(2, 'ADMIN'),
(1, 'CLI'),
(3, 'CLI'),
(7, 'CLI'),
(30, 'CLI'),
(1, 'DIR');

INSERT INTO `donner` (`per_code`, `rol_code`) VALUES
('AADMI', 'ADMIN'),
('CADMI', 'ADMIN'),
('SADMI', 'ADMIN'),
('ACHE', 'CLI'),
('CMCHE', 'CLI'),
('MCHE', 'CLI'),
('SMCHE', 'CLI'),
('ACLI', 'DIR'),
('AMAIL', 'DIR'),
('AVENT', 'DIR'),
('CACHE', 'DIR'),
('CCLI', 'DIR'),
('CCOUR', 'DIR'),
('CVEN', 'DIR'),
('EMAIL', 'DIR'),
('SVENT', 'DIR'),
('UVENT', 'DIR');
